organism	genome_size_mbp	n50_mbp	n_seqs	n_nnn	rel_nnn	genome_entropy	n_gc	rel_gc
Thermococcus_gammatolerans	2.045438	2.0454379999999997e-6	1	0	0	1.9962937400394938	127389	0.062279570439191995
